INSERT INTO `user` (`user_id`, `uid`, `upw`, `nm`, `pic`, `created_at`, `updated_at`) VALUES
(1, 'mic', '1212', '홍길동', NULL, '2024-05-02 14:53:31', NULL),
(2, 'green', '1212', '홍길동', '42031e6b-e2ff-4955-ab14-77fb0b50916f.webp', '2024-05-03 10:42:29', NULL),
(3, 'green2', '1212', '홍길동', 'ec520517-0f85-44f0-ab44-b3da3b822c23.webp', '2024-05-03 10:48:38', NULL),
(4, '사진없', '1212', '홍길동', NULL, '2024-05-03 12:17:47', NULL),
(5, 's사진없', '$2a$10$SwXPeN5HvnSwdWTkI4LfuuwsuLKRXcs1kcsyesiM5puUvZYwpMc6i', '홍길동', '0fc74b77-002e-45be-a9f2-0c538bde7a7f.webp', '2024-05-03 14:41:56', NULL),
(6, 'dong', '$2a$10$GfaQnFdoN/p4LMMsZ.PgQeFLvOHeEorwtK4LFsOjyz6OMzImMH99u', '김동현', NULL, '2024-05-07 15:29:37', NULL),
(7, '1212', '$2a$10$07P7hngnCgr4faYrSOE9QOY9EEQuCUIW./9uIJd2ZHF.SrM9kTP5e', '1212', NULL, '2024-05-07 16:34:22', NULL),
(8, 'ddd', '$2a$10$uoR4pJbeLFb054THO1Q0Le83GL9JgWQMSTp6ExsP8fQXZueqY2LVu', '홍길동', NULL, '2024-05-08 16:40:54', NULL),
(9, 'darkTempler', '$2a$10$MGr14iRwJf2ZgC1lR4QgSeD0ozlu06zpMo8EgeN6jmO5afM8hv33e', '제라툴', NULL, '2024-05-10 15:17:30', NULL),
(10, '2', '$2a$10$5fZa.OQwv3MFqqpISXNXk.PpI5L7525FGCh51DKSBOTALMF32BfUe', '2', '5b54b676-58ed-409f-bfae-4bed45f69ab3.jpg', '2024-05-10 15:18:49', NULL),
(11, '4', '$2a$10$9aYkCjuwZjEgMqzGjscbneWjIlxcYYcuCiUOU4SgJtkcxpPhjwatK', '4', 'asd.png', '2024-05-10 15:30:50', '2024-05-10 16:52:08'),
(12, '123', '$2a$10$72YLhGJuhPg.L1hePhye/uuTxPD3wUbNWmAUOD19AZ/Ebkc4opgNq', '123', 'ec520517-0f85-44f0-ab44-b3da3b822c23.webp', '2024-05-10 16:06:59', '2024-05-10 16:49:31'),
(13, '22', '$2a$10$cVE83qOh6g/agajxIKQ2ieohLPAxwtDicQtcZu.R.6lbNHbl16YlW', '22', 'f9c9b697-c5fa-4541-b72e-37c6a49a0682.png', '2024-05-10 17:27:43', NULL),
(14, '1234', '1234', '홍길동', '91bbc73d-7197-4d82-a9b9-6429d947a030.webp', '2024-05-13 11:01:40', NULL),
(15, '모꼬꼬', '123', '킥', 'dda1ca67-d2b8-431b-8c51-48218d16c84e.png', '2024-05-13 11:08:40', NULL),
(16, '모꾸꾸', '$2a$10$1t.CjcuJot4/lGzFe7Xid.Rz0.ZTaC.dR9JPvLFuP.Ien./v4Ke/O', '꾸', '22498e08-b0e3-4495-a9af-bcb97ab2679b.png', '2024-05-13 11:09:31', '2024-05-22 16:17:40');


INSERT INTO `feed` (`feed_id`, `writer_id`, `contents`, `location`, `created_at`, `updated_at`) VALUES
(1, 1, '내용1', '장소1', '2024-05-07 10:53:01', NULL),
(2, 2, '내용2', '장소2', '2024-05-07 10:54:24', NULL),
(3, 3, '내용3', '장소3', '2024-05-07 10:55:34', NULL),
(4, 4, '내용4', '장소4', '2024-05-07 10:56:26', NULL),
(5, 5, '내용5', '장소5', '2024-05-07 10:58:06', NULL),
(6, 1, '내용6', '장소6', '2024-05-07 10:58:38', NULL),
(7, 2, '내용7', '장소7', '2024-05-07 11:02:08', NULL),
(8, 3, '내용8', '장소8', '2024-05-07 11:03:41', NULL),
(9, 4, '내용9', '장소9', '2024-05-07 11:04:42', NULL),
(10, 5, '내용10', '장소10', '2024-05-07 11:08:15', NULL),
(11, 1, '내용11', '장소11', '2024-05-07 11:09:50', NULL),
(12, 2, '내용12', '장소12', '2024-05-07 11:10:08', NULL),
(13, 3, '내용13', '장소13', '2024-05-07 12:57:29', NULL),
(14, 4, '내용14', '장소14', '2024-05-07 12:57:35', NULL),
(15, 5, '내용15', '장소15', '2024-05-07 12:57:39', NULL),
(16, 1, '내용16', '장소16', '2024-05-07 17:03:12', NULL),
(17, 2, '내용17', '장소17', '2024-05-10 17:14:44', NULL),
(18, 3, '내용18', '장소18', '2024-05-10 17:14:55', NULL),
(19, 4, '내용19', '장소19', '2024-05-10 17:16:09', NULL),
(20, 5, '내용20', '장소20', '2024-05-10 17:17:20', NULL),
(21, 1, '내용21', '장소21', '2024-05-10 17:19:21', NULL),
(22, 2, '내용22', '장소22', '2024-05-10 17:20:34', NULL),
(23, 3, '내용23', '장소23', '2024-05-10 17:21:36', NULL),
(24, 4, '내용24', '장소24', '2024-05-10 17:22:55', NULL),
(25, 5, '내용25', '장소25', '2024-05-10 17:23:44', NULL),
(26, 1, '내용26', '장소26', '2024-05-10 17:24:21', NULL),
(27, 2, '내용27', '장소27', '2024-05-10 17:26:28', NULL),
(28, 3, '내용28', '장소28', '2024-05-10 17:28:18', NULL),
(29, 4, '내용29', '장소29', '2024-05-10 18:06:55', NULL),
(30, 5, '내용30', '장소30', '2024-05-13 12:05:30', NULL);

INSERT INTO `feed_comment` (`feed_comment_id`, `feed_id`, `user_id`, `COMMENT`, `created_at`, `updated_at`) VALUES
(1, 11, 1, '댓글내용1', '2024-05-10 11:45:21', NULL),
(2, 12, 2, '댓글내용2', '2024-05-10 11:45:24', NULL),
(3, 13, 3, '댓글내용3', '2024-05-10 11:45:25', NULL),
(4, 14, 4, '댓글내용4', '2024-05-10 11:45:26', NULL),
(5, 15, 5, '댓글내용5', '2024-05-10 11:45:27', NULL),
(6, 16, 1, '댓글내용6', '2024-05-10 11:45:28', NULL),
(7, 17, 2, '댓글내용7', '2024-05-13 16:03:27', NULL),
(8, 18, 3, '댓글내용8', '2024-05-13 16:03:28', NULL),
(9, 19, 4, '댓글내용9', '2024-05-13 16:03:29', NULL),
(10, 20, 5, '댓글내용10', '2024-05-13 16:03:30', NULL),
(11, 21, 1, '댓글내용11', '2024-05-13 16:03:31', NULL);

INSERT INTO `feed_favorite` (`feed_id`, `user_id`, `created_at`) VALUES
(1, 1, '2024-05-09 11:58:32'),
(2, 2, '2024-05-21 15:10:20'),
(3, 3, '2024-05-21 15:10:26'),
(4, 4, '2024-05-21 16:21:40'),
(5, 5, '2024-05-21 16:21:45'),
(6, 6, '2024-05-10 11:47:34'),
(7, 7, '2024-05-10 17:32:02'),
(8, 8, '2024-05-10 17:41:51');

INSERT INTO `feed_pics` (`feed_pic_id`, `feed_id`, `pic`, `created_at`) VALUES
(1, 1, '5195fb19-d0c3-4f78-b50c-b8ea2996df8f.webp', '2024-05-07 11:10:08'),
(2, 2, '4e5ac0da-c204-43d1-8f89-bab9b5a46b53.webp', '2024-05-07 12:57:29'),
(3, 3, 'bbd9007d-afd7-4af0-90e6-f21b313a988a.webp', '2024-05-07 12:57:35'),
(4, 4, '47ad16bf-1451-457e-b4f5-b88c5c65b5cc.webp', '2024-05-07 12:57:39'),
(5, 5, 'ee5b4faf-e7b6-4353-8cf6-da34c5131bff.webp', '2024-05-10 17:26:28'),
(6, 6, '81e2e28d-eb7d-49e4-91fa-efd13b3a2db7.png', '2024-05-10 17:28:18'),
(7, 7, 'c87400f4-afd3-4e4c-9429-fc4642581d6b.png', '2024-05-10 18:06:55'),
(8, 8, 'b1ac288f-6c38-4c97-a661-48d45ff9fd0a.png', '2024-05-13 12:05:30'),
(9, 9, '59b63d79-91c6-4792-b322-9dbdffb302a7.png', '2024-05-13 12:05:30'),
(10, 10, '4ef491b9-41fc-4c60-bc53-541edeec8395.jpg', '2024-05-13 12:05:30');

INSERT INTO `user_follow` (`FROM_user_id`, `to_user_id`, `created_at`) VALUES
(1, 1, '2024-05-21 11:03:50'),
(2, 2, '2024-05-20 16:54:35'),
(3, 3, '2024-05-20 16:54:42'),
(4, 4, '2024-05-20 16:54:47');
